iter	Passed	Remaining
0	292	292131
1	578	288448
2	730	242739
3	799	199180
4	1044	207863
5	1435	237756
6	1841	261170
7	1989	246722
8	2090	230155
9	2264	224164
10	2368	212987
11	2442	201088
12	2516	191089
13	2574	181335
14	2635	173047
15	2737	168349
16	2888	167036
17	2960	161520
18	3031	156508
19	3093	151574
20	3157	147205
21	3253	144639
22	3415	145074
23	3606	146674
24	3731	145511
25	3813	142850
26	3890	140205
27	3980	138193
28	4405	147524
29	4526	146343
30	4630	144740
31	4715	142656
32	4790	140390
33	4868	138315
34	5012	138200
35	5133	137458
36	5320	138478
37	5455	138119
38	5570	137261
39	5852	140464
40	6063	141830
41	6323	144230
42	6447	143488
43	6690	145359
44	6927	147024
45	7399	153462
46	8030	162841
47	8356	165727
48	8855	171878
49	9351	177681
50	10100	187951
51	10813	197132
52	11715	209329
53	12494	218886
54	13469	231434
55	14430	243254
56	15345	253880
57	16215	263355
58	16758	267290
59	16800	263206
60	16837	259183
61	16875	255305
62	16910	251516
63	16947	24765	17153	242742
66	17544	244319
67	18354	251562
68	18739	252844
69	19420	258012
70	19962	261201
71	20727	267152
72	21187	269055
73	21673	271208
74	22194	273727
75	22493	273475
76	23157	277590
77	23895	282459
78	24503	285666
79	25640	294861
80	26223	297520
81	26746	299434
82	27292	301531
83	28416	309877
84	28897	311069
85	29375	312195
86	30077	315642
87	30515	316253
88	30564	312861
89	30613	309536
90	389	31022	313672
90	31143	311094
91	31406	309967
92	31693	309097
93	32471	312970
94	33218	316445
95	33754	317850
96	34162	318026
97	35011	322252
98	35837	326154
99	36475	328279
100	37203	331146
101	37708	331984
102	38156	332292
103	38989	335907
104	39728	338635
105	40106	338256
106	40675	339469
107	41241	340622
108	41762	341377
109	42409	343132
110	42699	341978
111	42962	340627
112	43377	340494
113	43785	340299
114	44115	339499
115	44719	340797
116	45035	339880
117	45418	339480
118	45739	338626
119	46068	337833
120	46351	336716
121	46615	335478
122	46992	335062
123	47296	334126
124	47600	333200
125	47843	331864
126	48150	330987
127	48421	329869
128	48703	328844
129	49114	328690
130	49371	327508
131	49690	326754
132	50047	326250
133	50325	325238
134	50548	323885
135	50827	322902
136	51118	322011
137	51341	320696
138	51618	319734
139	52165	320448
140	52536	320060
141	52843	319292
142	53244	319095
143	53564	318410
144	53922	317957
145	54213	317108
146	54442	315913
147	54663	314683
148	54985	314044
149	55228	312962
150	55517	312146
151	55754	311052
152	56049	310287
153	56291	309235
154	56541	308242
155	56754	307054
156	56992	306015
157	57349	305619
158	57646	304908
159	57972	304356
160	58282	303718
161	58644	303356
162	58919	302547
163	59145	301498
164	59219	299686
165	59298	297923
166	59373	296155
167	59466	294500
168	59554	292841
169	59645	291212
170	59719	289519
171	59762	287694
172	59813	285929
173	59866	284195
174	59916	282465
175	59965	280749
176	60017	279063
177	60061	277362
178	60111	275706
179	60171	274115
180	60241	272583
181	60305	271041
182	60368	269515
183	60416	267932
184	60464	266371
185	60514	264833
186	60556	263277
187	60611	261787
188	60660	260292
189	60706	258801
190	60749	257308
191	60791	255832
192	60837	254381
193	60891	252982
194	60941	251578
195	60979	250139
196	61034	248786
197	61086	247429
198	61134	246073
199	61188	244754
200	61262	243526
201	61346	242349
202	61413	241117
203	61473	239867
204	61527	238606
205	61581	237357
206	61635	236120
207	61676	234844
208	61729	233625
209	61777	232400
210	61835	231224
211	61883	230020
212	61933	228834
213	61980	227648
214	62039	226516
215	62095	225384
216	62138	224213
217	62190	223086
218	62252	222004
219	62302	220892
220	62358	219804
221	62410	218716
222	62435	217543
223	62483	216460
224	62526	215370
225	62581	214329
226	62624	213255
227	62673	212209
228	62719	211165
229	62759	210109
230	62813	209105
231	62870	208121
232	62929	207154
233	62988	206192
234	63050	205250
235	63106	204294
236	63157	203330
237	63214	202393
238	63264	201438
239	63330	200546
240	63381	199612
241	63435	198693
242	63476	197743
243	63520	196809
244	63582	195936
245	63652	195097
246	63700	194197
247	63752	193315
248	63803	192434
249	63855	191565
250	63903	190693
251	63950	189820
252	63993	188946
253	64054	188128
254	64102	187279
255	64152	186444
256	64197	185596
257	64278	184863
258	64353	184116
259	64414	183332
260	64469	182538
261	64517	181731
262	64562	180922
263	64606	180113
264	64651	179317
265	64705	178547
266	64758	177782
267	64843	177109
268	64901	176368
269	64945	175593
270	64999	174852
271	65059	174130
272	65110	173388
273	65167	172669
274	65238	171993
275	65283	171251
276	65350	170571
277	65408	169873
278	65462	169169
279	65519	168477
280	65571	167778
281	65624	167087
282	65672	166384
283	65722	165694
284	65773	165010
285	65825	164333
286	65872	163649
287	65929	162991
288	65972	162304
289	66021	161639
290	66067	160968
291	66162	160422
292	66233	159819
293	66279	159160
294	66325	158506
295	66365	157842
296	66410	157193
297	66454	156547
298	66499	155906
299	66544	155269
300	66587	154633
301	66624	153987
302	66662	153345
303	66715	152743
304	66768	152145
305	66808	151519
306	66856	150918
307	66903	150316
308	66947	149711
309	66997	149123
310	67043	148530
311	67092	147947
312	67142	147369
313	67187	146785
314	67234	146207
315	67283	145639
316	67334	145077
317	67379	144506
318	67419	143927
319	67464	143361
320	67513	142808
321	67566	142266
322	67624	141738
323	67698	141246
324	67748	140707
325	67804	140185
326	67847	139637
327	67894	139101
328	67951	138587
329	68015	138091
330	68063	137566
331	68136	137094
332	68263	136731
333	68346	136283
334	68404	135788
335	68472	135314
336	68554	134871
337	68641	134439
338	68726	134007
339	68785	133524
340	68866	133088
341	68933	132626
342	69003	132173
343	69097	131767
344	69167	131317
345	69247	130889
346	69317	130445
347	69390	130007
348	69443	129534
349	69509	129088
350	69590	128673
351	69660	128238
352	69754	127850
353	69820	127412
354	69890	126984
355	69944	126528
356	69994	126068
357	70036	125597
358	70085	125139
359	70152	124715
360	70215	124287
361	70291	123884
362	70376	123498
363	70435	123068
364	70485	122625
365	70532	122178
366	70583	121742
367	70631	121301
368	70690	120882
369	70759	120482
370	70822	120074
371	70891	119677
372	70936	119241
373	70981	118807
374	71028	118381
375	71074	117953
376	71130	117543
377	71188	117140
378	71236	116722
379	71283	116305
380	71337	115899
381	71383	115483
382	71470	115136
383	71544	114769
384	71600	114374
385	71647	113968
386	71693	113561
387	71750	113173
388	71795	112769
389	71844	112371
390	71896	111981
391	71952	111599
392	72002	111210
393	72054	110824
394	72099	110430
395	72144	110039
396	72195	109657
397	72257	109293
398	72323	108938
399	72394	108591
400	72452	108226
401	72509	107862
402	72549	107473
403	72602	107107
404	72650	106733
405	72699	106363
406	72743	105986
407	72790	105617
408	72840	105253
409	72886	104885
410	72945	104537
411	73001	104185
412	73053	103832
413	73105	103477
414	73150	103115
415	73188	102744
416	73234	102388
417	73276	102026
418	73333	101686
419	73401	101363
420	73464	101036
421	73513	100689
422	73565	100347
423	73616	100007
424	73665	99664
425	73711	99320
426	73762	98984
427	73807	98639
428	73848	98292
429	73898	97959
430	73945	97621
431	73993	97287
432	74040	96954
433	74156	96710
434	74212	96391
435	74267	96070
436	74313	95739
437	74380	95437
438	74433	95118
439	74479	94792
440	74527	94469
441	74580	94154
442	74634	93841
443	74691	93532
444	74736	93210
445	74780	92889
446	74824	92568
447	74872	92253
448	74918	91937
449	74961	91619
450	75010	91309
451	75054	90995
452	75098	90681
453	75142	90370
454	75193	90066
455	75251	89773
456	75297	89467
457	75343	89161
458	75390	88859
459	75440	88560
460	75497	88271
461	75591	88026
462	75655	87746
463	75703	87450
464	75752	87156
465	75797	86858
466	75844	86563
467	75892	86270
468	75939	85978
469	75992	85693
470	76037	85400
471	76091	85119
472	76144	84838
473	76187	84545
474	76239	84264
475	76288	83981
476	76347	83710
477	76402	83434
478	76446	83149
479	76499	82874
480	76549	82596
481	76597	82318
482	76638	82033
483	76685	81755
484	76729	81475
485	76767	81190
486	76814	80914
487	76866	80647
488	76916	80376
489	76956	80097
490	77012	79835
491	77091	79598
492	77155	79346
493	77210	79086
494	77260	78821
495	77311	78558
496	77362	78296
497	77408	78029
498	77459	77770
499	77501	77501
500	77549	77239
501	77596	76978
502	77637	76711
503	77682	76449
504	77730	76191
505	77783	75939
506	77834	75685
507	77886	75432
508	77934	75178
509	77979	74921
510	78015	74656
511	78055	74396
512	78102	74143
513	78151	73894
514	78195	73640
515	78235	73384
516	78278	73130
517	78324	72881
518	78375	72636
519	78429	72396
520	78486	72158
521	78536	71916
522	78574	71663
523	78619	71417
524	78672	71180
525	78723	70941
526	78809	70734
527	78905	70536
528	78950	70294
529	78994	70051
530	79043	69814
531	79097	69582
532	79168	69365
533	79315	6535	7534	79407	6536	7535	79452	6537	7536	79506	6538	7537	79551	6539	7538	79601	68082
539	79649	6541	7540	79697	6542	7541	79771	6543	7542	79863	67214
543	79907	6545	7544	79966	6546	7545	80012	6547	8546	80055	6548	8547	80108	6549	8548	80156	6550	8549	80256	65664
550	80351	65476
551	80434	65279
552	80494	65065
553	80552	64848
554	80595	64621
555	80640	64396
556	80689	64175
557	80746	63960
558	80839	63774
559	80908	6561	8560	80995	6562	8561	81062	6563	8562	81154	62991
563	81231	62796
564	81288	62584
565	81337	62367
566	81386	62152
567	81445	61944
568	81486	61723
569	81524	61501
570	81573	61287
571	81628	61078
572	81682	60869
573	81765	60682
574	81868	6576	8575	82051	60398
576	82270	60312
577	82358	60130
578	82418	59927
579	82460	59712
580	82515	59508
581	82565	59299
582	82613	59090
583	82655	58877
584	82700	58668
585	82743	58457
586	82785	58245
587	82827	58035
588	82876	57830
589	82927	5591	8590	83010	57447
591	83081	5593	8592	83153	5594	8593	83231	5595	8594	83317	5596	8595	83403	5597	8596	83463	5598	8597	83519	56145
598	83560	5600	8599	83606	5601	8600	83648	5602	8601	83699	5603	8602	83746	5604	8603	83796	5605	8604	83841	5606	8605	83884	5607	8606	83928	5608	8607	83970	5609	8608	84019	5610	8609	84066	5611	8610	84118	5612	8611	84161	5613	8612	84211	5614	8613	84263	5615	8614	84314	5616	8615	84365	5617	8616	84412	5618	8617	84458	5619	8618	84506	52014
619	84548	51820
620	84592	51627
621	84633	5623	8622	84695	51252
623	84742	5625	8624	84798	5626	8625	84903	5627	8626	84955	5628	8627	85001	5629	8628	85054	5630	8629	85104	4631	8630	85142	4632	8631	85183	4633	8632	85238	4634	8633	85293	4635	8634	85352	4636	8635	85398	4637	8636	85448	4638	8637	85487	4639	8638	85529	4640	8639	85580	4641	8640	85627	4642	8641	85669	4643	8642	85718	4644	8643	85779	4645	8644	85827	4646	8645	85872	4647	8646	85923	4648	8647	85967	4649	8648	86005	4650	8649	86047	4651	8650	86087	4652	8651	86135	4653	8652	86179	4654	8653	86221	4655	8654	86262	4656	86295	45052
657	8656	86362	4658	86407	44711
659	86457	44538
660	8659	86520	4661	8660	86563	4662	8661	86619	4663	8662	86662	4664	8663	86714	4665	8664	86756	4666	8665	86806	4667	8666	86848	4668	8667	86891	4669	8668	86946	4670	8669	86985	4671	8670	87035	4672	8671	87084	4673	8672	87133	4674	8673	87180	4675	8674	87223	4676	8675	87271	4677	8676	87328	4678	8677	87385	4679	8678	87450	4680	8679	87515	4681	8680	87569	4682	8681	87607	4683	8682	87663	40687
683	87718	40525
684	87761	40357
685	87807	40191
686	87848	4688	8687	87907	39864
688	87953	39700
689	87996	39534
690	88047	39372
691	88104	39214
692	88151	39051
693	88200	38889
694	88251	38729
695	88294	38565
696	88343	38404
697	88391	38244
698	88435	38081
699	88479	37919
700	88529	37760
701	88576	37600
702	88619	37439
703	88674	37283
704	88716	37122
705	88757	36961
706	88799	36800
707	88852	36645
708	88911	36492
709	88957	36334
710	89012	36180
711	89057	36023
712	89096	35863
713	89142	35707
714	89186	35549
715	89235	35394
716	89274	35236
717	89317	35080
718	89360	34924
719	89403	34767
720	89450	34613
721	89489	34457
722	89529	34301
723	89577	34148
724	89619	33993
725	89654	33836
726	89695	33682
727	89745	33531
728	89794	33380
729	89840	33228
730	89888	33078
731	89939	32928
732	89980	32776
733	90021	32623
734	90076	32476
735	90118	32324
736	90151	32170
737	90195	32020
738	90241	31871
739	90283	31721
740	90329	31572
741	90379	31425
742	90424	31277
743	90468	31128
744	90512	30980
745	90552	30831
746	90598	30684
747	90643	30537
748	90686	30390
749	90743	30247
750	90819	30111
751	90877	29970
752	90954	29835
753	91022	29696
754	91098	29561
755	91162	29422
756	91247	29290
757	91307	29150
758	91349	29005
759	91401	28863
760	91473	28728
761	91529	28587
762	91620	28458
763	91686	28322
764	91774	28192
765	91818	28049
766	91886	27913
767	91928	27770
768	91977	27628
769	92020	27486
770	92069	27346
771	92118	27206
772	92165	27065
773	92215	26925
774	92263	26786
775	92314	26647
776	92359	26507
777	92402	26366
778	92447	26227
779	92505	26091
780	92550	25952
781	92605	25815
782	92668	25681
783	92716	25544
784	92768	25408
785	92821	25271
786	92862	25132
787	92908	24995
788	92964	24861
789	93012	24724
790	93053	24586
791	93098	24450
792	93177	24322
793	93233	24188
794	93287	24055
795	93359	23926
796	93434	23798
797	93509	23670
798	93575	23540
799	93646	23411
800	93709	23281
801	93771	23150
802	93820	23016
803	93882	22886
804	93944	22756
805	93987	22622
806	94028	22487
807	94076	22354
808	94121	22221
809	94168	22088
810	94205	21954
811	94247	21820
812	94290	21688
813	94341	21557
814	94381	21424
815	94424	21291
816	94469	21160
817	94512	21028
818	94550	20895
819	94594	20764
820	94640	20634
821	94689	20504
822	94742	20376
823	94785	20245
824	94828	20115
825	94870	19984
826	94911	19854
827	94962	19726
828	95004	19596
829	95047	19467
830	95091	19338
831	95138	19210
832	95192	19084
833	95232	18955
834	95279	18827
835	95318	18698
836	95359	18570
837	95404	18443
838	95454	18317
839	95500	18190
840	95545	18063
841	95588	17937
842	95640	17812
843	95685	17685
844	95741	17562
845	95795	17437
846	95849	17314
847	95903	17190
848	95955	17066
849	96003	16941
850	96045	16816
851	96090	16691
852	96147	16569
853	96195	16445
854	96238	16321
855	96287	16197
856	96331	16074
857	96370	15949
858	96415	15826
859	96458	15702
860	96499	15578
861	96544	15456
862	96581	15332
863	96628	15210
864	96672	15087
865	96712	14964
866	96759	14843
867	96803	14721
868	96847	14599
869	96898	14479
870	96944	14358
871	96992	14237
872	97035	14116
873	97081	13995
874	97123	13874
875	97155	13752
876	97201	13632
877	97240	13511
878	97284	13391
879	97328	13272
880	97371	13152
881	97422	13033
882	97468	12914
883	97508	12795
884	97552	12676
885	97601	12558
886	97690	12445
887	97731	12326
888	97783	12209
889	97825	12090
890	97866	11972
891	97913	11855
892	97951	11736
893	97996	11619
894	98039	11501
895	98090	11385
896	98139	11269
897	98179	11151
898	98225	11035
899	98267	10918
900	98311	10802
901	98356	10686
902	98398	10569
903	98439	10453
904	98488	10338
905	98531	10222
906	98571	10107
907	98614	9991
908	98665	9877
909	98707	9762
910	98746	9646
911	98791	9532
912	98839	9418
913	98879	9303
914	98923	9189
915	98970	9075
916	99023	8962
917	99066	8849
918	99106	8735
919	99144	8621
920	99182	8507
921	99223	8394
922	99270	8281
923	99314	8168
924	99349	8055
925	99390	7942
926	99436	7830
927	99478	7718
928	99525	7606
929	99573	7494
930	99617	7383
931	99656	7271
932	99701	7159
933	99752	7048
934	99791	6937
935	99833	6826
936	99877	6715
937	99917	6604
938	99958	6493
939	100003	6383
940	100050	6273
941	100092	6162
942	100141	6053
943	100181	5942
944	100221	5832
945	100257	5722
946	100301	5613
947	100342	5504
948	100379	5394
949	100411	5284
950	100454	5175
951	100498	5067
952	100537	4958
953	100577	4849
954	100629	4741
955	100678	4633
956	100716	4525
957	100762	4417
958	100802	4309
959	100843	4201
960	100890	4094
961	100937	3987
962	100982	3879
963	101023	3772
964	101071	3665
965	101120	3559
966	101163	3452
967	101210	3345
968	101252	3239
969	101293	3132
970	101335	3026
971	101378	2920
972	101434	2814
973	101480	2708
974	101516	2602
975	101557	2497
976	101601	2391
977	101639	2286
978	101681	2181
979	101717	2075
980	101766	1971
981	101819	1866
982	101857	1761
983	101896	1656
984	101940	1552
985	101980	1448
986	102025	1343
987	102065	1239
988	102119	1135
989	102158	1031
990	102201	928
991	102273	824
992	102390	721
993	102493	618
994	102578	515
995	102634	412
996	102684	308
997	102819	206
998	102880	102
999	102922	0
